index	dev_index	question	cues	choices	judgment	is_important	
1	NA	John was a bit think in the head, but he knew that he never saw the lady before.  They were what?	never [14]	{'label': ['A', 'B', 'C', 'D', 'E'], 'text': ['pay debts', 'slender', 'unacquainted', 'free flowing', 'sparse']}	C	Yes	
2	NA	How can you let someone know about your anger without hurting him or her?	without [9]	{'label': ['A', 'B', 'C', 'D', 'E'], 'text': ['release energy', 'destroy enemy', 'punch', 'write letter', 'lose your temper']}	D	Yes	
3	NA	What is a place that usually does not have an elevator and that sometimes has a telephone book?	not [7]	{'label': ['A', 'B', 'C', 'D', 'E'], 'text': ['at hotel', 'kitchen', 'library', 'telephone booth', 'house']}	E	Yes	
4	NA	More people should lower the guard and just have fun, we don't got long just what?	n't [13]	{'label': ['A', 'B', 'C', 'D', 'E'], 'text': ['enjoy living', 'happy', 'enjoyable', 'get laid', 'do enjoy']}	A	No	
5	NA	She feared that she had cancer, but upon discovering truth that she hadn't, what was her attitude toward life?	n't [14]	{'label': ['A', 'B', 'C', 'D', 'E'], 'text': ['conclusion', 'pain', 'happiness', 'relief', 'boring']}	C	Yes	
6	NA	If not in a stream but in a market where will you find fish?	not [1]	{'label': ['A', 'B', 'C', 'D', 'E'], 'text': ['stream', 'aquarium', 'refrigerator', 'boat ride', 'market']}	C	Yes	
7	NA	The kids didn't clean up after they had done what?	n't [3]	{'label': ['A', 'B', 'C', 'D', 'E'], 'text': ['learn things', 'play games', 'disneyland', 'play with toys', 'talking']}	D	No	
8	NA	What would you do if your date does not show up?	not [8]	{'label': ['A', 'B', 'C', 'D', 'E'], 'text': ['wait for', 'bathe', 'go for haircut', 'plan revenge', 'dress nice']}	A	Yes	
9	NA	Where would you get some wood if you do not have any?	not [9]	{'label': ['A', 'B', 'C', 'D', 'E'], 'text': ['carpet', 'boat', 'river', 'lumberyard', 'synagogue']}	D	No	
10	NA	The planet Mercury is unsuitable for human life or what?	unsuitable [4]	{'label': ['A', 'B', 'C', 'D', 'E'], 'text': ['toxic', 'uninhabitable', 'mercury sulphide', 'poisonous', 'jupiter']}	B	No	
11	NA	What should everyone do who doesn't want to fight anymore?	n't [6]	{'label': ['A', 'B', 'C', 'D', 'E'], 'text': ['explicate', 'pay tribute to king', 'hope for peace', 'wear shoes', 'do well']}	C	Yes	
12	NA	During a shark filled tornado where should you not be?	not [8]	{'label': ['A', 'B', 'C', 'D', 'E'], 'text': ['marine museum', 'pool hall', 'noodle house', 'bad movie', 'outside']}	E	Yes	
13	NA	If you spend all your time buying and not saving what is is likely to happen?	not [8]	{'label': ['A', 'B', 'C', 'D', 'E'], 'text': ['using money', 'feel better', 'ocean', 'losing money', 'go broke']}	E	Yes	
14	NA	When you travel you should what in case of unexpected costs?	unexpected [9]	{'label': ['A', 'B', 'C', 'D', 'E'], 'text': ['go somewhere', 'energy', 'spend frivilously', 'fly in airplane', 'have money']}	E	No	
15	NA	John and Judy were parents.  They had two wonderful kids who weren't always well behaved.  They were light tough, though.  They felt it was a parent's job to do what?	were [13]	{'label': ['A', 'B', 'C', 'D', 'E'], 'text': ['control children', 'guide children', 'speak freely', 'cry', 'understand children']}	B	No	
16	NA	The buildings were intended to not have residential kitchens in them, what were they designed for?	not [5]	{'label': ['A', 'B', 'C', 'D', 'E'], 'text': ['large city', 'small', 'eat cake', 'university', 'town']}	D	No	
17	NA	What type of non-vegetarian soup is one likely to find a potato?	non [3] | - [4]	{'label': ['A', 'B', 'C', 'D', 'E'], 'text': ['beef stew', 'own kitchen', 'clam chowder', 'kitchen cabinet', 'pantry']}	C	Yes	
18	NA	What kind of service is my body a part of when I'm no longer here?	no [13]	{'label': ['A', 'B', 'C', 'D', 'E'], 'text': ['bodycam', 'home', 'coffin', 'funeral', 'graveyard']}	D	Yes	
19	NA	Where would I not want a fox?	not [3]	{'label': ['A', 'B', 'C', 'D', 'E'], 'text': ['hen house', 'english hunt', 'mountains', 'outside bedroom window', 'england']}	A	Yes	
20	NA	Joe was thrown from his boat into the water.  The water was cold because it was the middle of winter and he cried out to his crew for help.  They couldn't hear him over the sound of the what?	They [33]	{'label': ['A', 'B', 'C', 'D', 'E'], 'text': ['surface of earth', 'teardrops', 'snowflake', 'typhoon', 'motor']}	D	No	
21	NA	A supermarket is uncommon in what type of collection of shops?	uncommon [3]	{'label': ['A', 'B', 'C', 'D', 'E'], 'text': ['strip mall', 'city or town', 'shoppingcentre', 'boutique', 'vermont']}	A	Yes	
22	NA	The guys had a regular poker game, rather than going to the movies this what their what?	rather [8]	{'label': ['A', 'B', 'C', 'D', 'E'], 'text': ['competition', 'fun game', 'losing money', 'fun', 'social event']}	E	No	
23	NA	They were kissing each other good bye, they had no worries because their relationship had a strong foundation of what?	no [10]	{'label': ['A', 'B', 'C', 'D', 'E'], 'text': ['partner', 'trust', 'cooperation', 'bricks', 'herpes']}	B	Yes	
24	NA	If I did not have a rosebush, where would I get one?	not [3]	{'label': ['A', 'B', 'C', 'D', 'E'], 'text': ['pot', 'museum', 'garden center', 'formal garden', 'backyard']}	C	No	
25	NA	Where would a person live if they wanted no neighbors?	no [8]	{'label': ['A', 'B', 'C', 'D', 'E'], 'text': ['housing estate', 'neighborhood', 'mars', 'woods', 'suburbs']}	D	Yes	
26	NA	James knew that he shouldn't have been buying beer for minors.  He didn't even get paid for it.  Why was this bad?	n't [5] | did [15]	{'label': ['A', 'B', 'C', 'D', 'E'], 'text': ['lose money', 'fun', 'have no money', 'broken law', 'relaxation']}	D	No	
27	NA	The man had a fear of illness, so he never visited friends who were a what?	never [10]	{'label': ['A', 'B', 'C', 'D', 'E'], 'text': ['sick person', 'hospital', 'elderly person', 'graveyard', "doctor's office"]}	A	Yes	
28	NA	james told his son to settle down and be careful.  There were many frogs mating in the area, and James didn't want his son to do what to them?	did [23]	{'label': ['A', 'B', 'C', 'D', 'E'], 'text': ['wander', 'migrate', 'scare', 'disturb', 'agitate']}	D	Yes	
29	NA	What might result in an unsuccessful suicide attempt?	unsuccessful [5]	{'label': ['A', 'B', 'C', 'D', 'E'], 'text': ['die', 'interruption', 'bleed', 'hatred', 'dying']}	B	Yes	
30	NA	There was a long cottage somewhere.  People thought it was haunted.  It was overgrown, there was nothing near it.  It's was far into the what?	nothing [19]	{'label': ['A', 'B', 'C', 'D', 'E'], 'text': ['mountains', 'countryside', 'train', 'painting', 'village']}	B	No	
31	NA	If a fried egg was runny and there was no toast to sop it up, after the meal there'd be a messy what?	no [9]	{'label': ['A', 'B', 'C', 'D', 'E'], 'text': ['henhouse', 'garden', 'plate', 'supermarket', "bird's nest"]}	C	No	
32	NA	How would you express information if you do not have a pen or pencil?	not [8]	{'label': ['A', 'B', 'C', 'D', 'E'], 'text': ['may disagree', 'close mouth', 'write down', 'talk', 'eyes']}	D	Yes	
33	NA	What does a gambler do that causes him or her to be unhappy?	unhappy [12]	{'label': ['A', 'B', 'C', 'D', 'E'], 'text': ['play cards', 'double winnings', 'lose money', 'play poker', 'to win the prize']}	C	Yes	
34	NA	There was more than one bum asking for change or a ticket, it was the cheapest way to travel so it was no surprise sight at the what?	no [23]	{'label': ['A', 'B', 'C', 'D', 'E'], 'text': ['train station', 'beach', 'bus depot', 'bridge', 'stumblebum']}	C	No	
35	NA	Sally thought that competing wasn't worth the risk. If she pushed more what might happen?	n't [5]	{'label': ['A', 'B', 'C', 'D', 'E'], 'text': ['pressure', 'trying harder', 'put harder', 'enemies', 'death']}	E	No	
36	NA	She asked her little boy why, he replied that he didn't know and it was just what?	n't [12]	{'label': ['A', 'B', 'C', 'D', 'E'], 'text': ['case', 'reason', 'how', 'because', 'answer']}	D	No	
37	NA	How are the conditions for someone who is living in a homeless shelter?	homeless [11]	{'label': ['A', 'B', 'C', 'D', 'E'], 'text': ['sometimes bad', 'happy', 'respiration', 'growing older', 'death']}	A	Yes	
38	NA	I couldn't find anybody who recalled the event, what were they adroit at doing?	n't [2]	{'label': ['A', 'B', 'C', 'D', 'E'], 'text': ['question authority', 'act fool', 'wash dishes', 'act innocent', 'forget']}	E	Yes	
39	NA	Batman bought beer.  There were no bottles available.  He had to settle for what?.	were [6]	{'label': ['A', 'B', 'C', 'D', 'E'], 'text': ['shelf', 'soccer game', 'keg', 'can', 'refrigerator']}	D	Yes	
40	NA	While John Candy and Dan Aykroyd didn't run into a gazelle, you'd have to go where to see one?	n't [7]	{'label': ['A', 'B', 'C', 'D', 'E'], 'text': ['eastern hemisphere', 'the city', 'open plain', 'television program', 'great outdoors']}	E	Yes	
41	NA	The teacher thought that a ferret can be very mischievous and probably wouldn't make a great pet for the entire what?	n't [13]	{'label': ['A', 'B', 'C', 'D', 'E'], 'text': ['bad mood', 'hutch', 'classroom', 'pair of trousers', 'year']}	C	No	
42	NA	John rode on the plain until it reached the ocean and couldn't go any farther. What might he have bee on?	n't [12]	{'label': ['A', 'B', 'C', 'D', 'E'], 'text': ['mountain', 'fancy', 'sandplain', 'cliff', 'gorge']}	D	Yes	
43	NA	Eating is part of living, but your body doesn't use it all and the next day you will be doing what?	n't [10]	{'label': ['A', 'B', 'C', 'D', 'E'], 'text': ['reduced', 'getting full', 'becoming full', 'chewing', 'defecating']}	E	No	
44	NA	The child pretended he was reading newspaper, he couldn't actually do it without what?	n't [10]	{'label': ['A', 'B', 'C', 'D', 'E'], 'text': ['patience', 'falling down', 'literacy', 'buying', 'knowing how to read']}	E	No	
45	NA	James loved to surf but he wasn't good at it. He would always do what?	n't [7]	{'label': ['A', 'B', 'C', 'D', 'E'], 'text': ['wipe out', 'enjoy yourself', 'start fighting', 'get wet', 'drown']}	A	Yes	
46	NA	Sam wasn't lying, but he left out important details. He was being what?	n't [2]	{'label': ['A', 'B', 'C', 'D', 'E'], 'text': ['dishonesty', 'deceitful', 'imagination', 'deceptive', 'poker face']}	B	No	
47	NA	The goal was to hit the target, but a projectile ball can't hit anything if it isn't in what?	n't [13] | n't [19]	{'label': ['A', 'B', 'C', 'D', 'E'], 'text': ['motion', 'ocean', 'flintlock', 'arcade', 'tennis court']}	A	No	
48	NA	His phone was dead and they couldn't find the expressway, he opened up the glove compartment and handed his passenger the what to navigate?	n't [7]	{'label': ['A', 'B', 'C', 'D', 'E'], 'text': ['eastern united states', 'michigan', 'map', 'choppers', 'american city']}	C	No	
49	NA	At the end of the day as he began to eat he paused and thanked her, it wasn't often she would what?	n't [19]	{'label': ['A', 'B', 'C', 'D', 'E'], 'text': ['cook dinner', 'did chores', 'make food', 'stretch out', 'get food']}	A	No	
50	NA	What happens when airplane engines cut off and are unable to be restarted in flight?	unable [9]	{'label': ['A', 'B', 'C', 'D', 'E'], 'text': ['stall', 'start melting', 'taxi', 'crash', 'speed up']}	D	Yes	
51	NA	The freeway had no traffic and few buildings, where is it?	no [3]	{'label': ['A', 'B', 'C', 'D', 'E'], 'text': ['california', 'countryside', 'big town', 'florida', 'america']}	B	Yes	
52	NA	What will happen to someone if his or her spirits cannot elevate?	not [11]	{'label': ['A', 'B', 'C', 'D', 'E'], 'text': ['sadden', 'demote', 'depress', 'drop', 'decrease']}	C	Yes	
53	NA	If you turn off the music in a room with no other noise that room would be what?	no [10]	{'label': ['A', 'B', 'C', 'D', 'E'], 'text': ['silent', 'opera', 'silence', 'television', 'elevator']}	A	Yes	
54	NA	The teacher doesn't tolerate noise during a test in their what?	n't [3]	{'label': ['A', 'B', 'C', 'D', 'E'], 'text': ['movie theatre', 'bowling alley', 'factory', 'store', 'classroom']}	E	No	
55	NA	If my husband never helps me doing housework, what might that lead to?	never [3]	{'label': ['A', 'B', 'C', 'D', 'E'], 'text': ['boredom', 'arguments', 'headache', 'exhaustion', 'park']}	B	Yes	
56	NA	What is unlikely to get bugs on its windshield due to bugs' inability to reach it when it is moving?	unlikely [2] | inability [13]	{'label': ['A', 'B', 'C', 'D', 'E'], 'text': ['airplane', 'scooter', 'motorboat', 'car', 'motor vehicle']}	A	No	wrong annotation?
57	NA	What do most companies not want to have relative to demand?	not [4]	{'label': ['A', 'B', 'C', 'D', 'E'], 'text': ['oversupply', 'plentitude', 'stockpile', 'superabundance', 'busy']}	A	Yes	
58	NA	George checked the rotor of the Apache, which wasn't powered by internal combustion, but by what?	n't [10]	{'label': ['A', 'B', 'C', 'D', 'E'], 'text': ['jet engine', 'helicopter', 'electric motor', 'rotator', 'electrical circuit']}	A	No	
59	NA	Where would you store a pillow case that is not in use?	not [9]	{'label': ['A', 'B', 'C', 'D', 'E'], 'text': ['kitchen cupboard', 'bedding store', 'england', 'drawer', 'bedroom']}	D	Yes	
60	NA	Jim decided to lose weight.  He thought that exercise is the best way to lose weight because you can't get rid of what?	ca [20]	{'label': ['A', 'B', 'C', 'D', 'E'], 'text': ['need for food', 'fitness', 'sweating', 'fastfood', 'thirst']}	A	Yes	
61	NA	Why would you not trust your friends after chatting with friends?	not [3]	{'label': ['A', 'B', 'C', 'D', 'E'], 'text': ['fever', 'smoke', 'laughing', 'coughing', 'lie']}	E	Yes	
62	NA	What has a shelf that does not allow you to see what is inside of it?	not [6]	{'label': ['A', 'B', 'C', 'D', 'E'], 'text': ['chest of drawers', 'stove', 'hold alcohol', 'bookcase', 'grocery store']}	A	Yes	
63	NA	When not in use where on your property would you store you bucket?	not [1]	{'label': ['A', 'B', 'C', 'D', 'E'], 'text': ['utility closet', 'outside', 'well', 'garden shed', 'garage']}	D	Yes	
64	NA	John didn't care about style.  He felt that form was less important than what?	n't [2]	{'label': ['A', 'B', 'C', 'D', 'E'], 'text': ['shapeless', 'quality', 'function', 'change shape', 'chaos']}	C	No	
65	NA	Why do people read non fiction?	non [4]	{'label': ['A', 'B', 'C', 'D', 'E'], 'text': ['having fun', "it's more relatable", 'learn new things', 'becoming absorbed', 'falling asleep']}	C	Yes	
66	NA	Where might the stapler be if I cannot find it?	not [8]	{'label': ['A', 'B', 'C', 'D', 'E'], 'text': ['office building', 'office supply store', 'desk drawer', 'with dwight', 'desktop']}	C	No	
67	NA	What might happen if someone is not losing weight?	not [6]	{'label': ['A', 'B', 'C', 'D', 'E'], 'text': ['loose skin', 'beauty', 'miss universe', 'death', 'healthier']}	D	Yes	
68	NA	If you aren't well rested and it's a rainy day what might you do?	n't [3]	{'label': ['A', 'B', 'C', 'D', 'E'], 'text': ['sleep', 'write', 'make bread', 'stay in bed', 'enjoy film']}	D	Yes	
69	NA	Where is likely to not just have a kosher restaurant?	not [4]	{'label': ['A', 'B', 'C', 'D', 'E'], 'text': ['jerusalem', 'jewish neighborhoods', 'dining in', 'new york city', 'dining']}	D	Yes	
70	NA	What will you do if you do not want to settle in one place?	not [7]	{'label': ['A', 'B', 'C', 'D', 'E'], 'text': ['walk', 'agitate', 'wander', 'remove', 'disturb']}	C	Yes	
71	NA	If i were to spit a lot without noticing i may have extra what?	without [7]	{'label': ['A', 'B', 'C', 'D', 'E'], 'text': ['phlegm', 'saliva nd mouth', 'disease', 'germs', 'spittle']}	B	No	
72	NA	He wasn't the hugging type, even when he meet friend he'd just do what?	n't [2]	{'label': ['A', 'B', 'C', 'D', 'E'], 'text': ['have sex', 'smile', 'hug each other', 'conversation', 'handshake']}	E	Yes	
73	NA	Killing people should not cause what emotion?	not [3]	{'label': ['A', 'B', 'C', 'D', 'E'], 'text': ['vengeance', 'going to prison', 'joy', 'afraid', 'terrible']}	C	Yes	
74	NA	If a person isn't able to pay their bills what must they do?	n't [4]	{'label': ['A', 'B', 'C', 'D', 'E'], 'text': ['know everything', 'acknowledgment', 'make more money', 'throw a party', 'spare time']}	C	No	
75	NA	James need to use a toilet but there were no public ones in sight.  Eventually he broke down and did something very expensive so that he could get a toilet.  Where might he have gone?	no [9]	{'label': ['A', 'B', 'C', 'D', 'E'], 'text': ['motel room', 'apartment', 'bathroom', 'games', 'house']}	A	No	
76	NA	If I was getting drunk, and people couldn't understand me, what might I be having?	n't [9]	{'label': ['A', 'B', 'C', 'D', 'E'], 'text': ['a seizure', 'slurred speech', 'death', 'forgetfulness', 'pass out']}	B	Yes	
77	NA	The child wasn't allowed in the kitchen but still wanted to help, what could it do to help in the dining room?	n't [3]	{'label': ['A', 'B', 'C', 'D', 'E'], 'text': ['set table', 'form opinions', 'make honey', 'become adult', 'gather flowers']}	A	No	
78	NA	Name a location where you would not want to find mice.	not [6]	{'label': ['A', 'B', 'C', 'D', 'E'], 'text': ['loft', 'attic', 'bell cat', 'countryside', 'laboratory']}	B	Yes	
79	NA	He was very outgoing, for him making friends was no personal what?	no [10]	{'label': ['A', 'B', 'C', 'D', 'E'], 'text': ['scary', 'having friends', 'good feeling', 'conflict', 'friendship']}	D	Yes	
80	NA	Where would you get a shower curtain if you do not have one?	not [10]	{'label': ['A', 'B', 'C', 'D', 'E'], 'text': ['department store', 'restaurant', 'hotel', 'dime store', 'bathtub']}	A	No	
81	NA	The kitten had nothing to dig it's claws into, so when it tried to stop it slid across what?	nothing [3]	{'label': ['A', 'B', 'C', 'D', 'E'], 'text': ['living room', 'floor', 'warm place', 'carpet', 'farmhouse']}	B	No	
82	NA	He was beginning to worry they wouldn't get on the ride before closing, they had been standing in queue for a long what?	n't [7]	{'label': ['A', 'B', 'C', 'D', 'E'], 'text': ['frustration', 'waiting', 'hair', 'time', 'patience']}	D	No	
83	NA	Animals who have hair and don't lay eggs are what?	n't [6]	{'label': ['A', 'B', 'C', 'D', 'E'], 'text': ['reproduce asexually', 'males', 'mammals', 'attack', 'ocean']}	C	Yes	
84	NA	If you have a home with a courtyard, what's one thing you probably don't have to care for any longer?	n't [16]	{'label': ['A', 'B', 'C', 'D', 'E'], 'text': ['lawn', 'kids', 'asshole', 'spain', 'office complex']}	A	No	
85	NA	Joe and Jill didn't want their children to be sedentary.  They might limit the time they children spend doing what?	n't [4]	{'label': ['A', 'B', 'C', 'D', 'E'], 'text': ['play sports', 'throw things', 'reading', 'watch tv', 'play with toys']}	D	Yes	
86	NA	Where would you have a stove if you don't live in a detached dwelling?	n't [9]	{'label': ['A', 'B', 'C', 'D', 'E'], 'text': ['tent', 'car', 'living room', "friend's house", 'apartment']}	E	Yes	
87	NA	Stark was just having fun, and he wasn't hurting anyone.  What might have he been doing?	n't [9]	{'label': ['A', 'B', 'C', 'D', 'E'], 'text': ['painting his nails', 'playing marbles', 'constructing', 'need for rest', 'wild ride']}	B	No	
88	NA	What could you get an unsmooth pit from?	unsmooth [5]	{'label': ['A', 'B', 'C', 'D', 'E'], 'text': ['backyard', 'rock', 'mine', 'cherry', 'peach']}	E	Yes	nice example
89	NA	There was no shade for Jenny.  She was forced to lie there exposed to what?	no [2]	{'label': ['A', 'B', 'C', 'D', 'E'], 'text': ['full sunlight', 'bright sunshine', 'sunny place', 'eat cake', 'direct sunlight']}	A	Yes	
90	NA	People do many things to alleviate boredom.  If you can't get out of the house you might decide to do what?	ca [11]	{'label': ['A', 'B', 'C', 'D', 'E'], 'text': ['play cards', 'skateboard', 'meet interesting people', 'listen to music', 'go to a concert']}	D	Yes	
91	NA	At a shop what can you buy to put your spare unused things?	unused [11]	{'label': ['A', 'B', 'C', 'D', 'E'], 'text': ['basement', 'cardboard box', 'ocean floor', 'high school', 'container']}	E	No	
92	NA	The fresh herbs, flowers, and vegetables will shrivel up if people don't do this?	n't [14]	{'label': ['A', 'B', 'C', 'D', 'E'], 'text': ['water plants', 'believe in god', 'drive to the nearest pool', 'speaking english', 'raise children']}	A	Yes	
93	NA	She wanted to get in shape, but she couldn't stay focused on the hour long what?	n't [10]	{'label': ['A', 'B', 'C', 'D', 'E'], 'text': ['sweating', 'excercise', 'work out', 'video', 'swim']}	C	No	
94	NA	Where would you get a toothpick if you do not have any?	not [9]	{'label': ['A', 'B', 'C', 'D', 'E'], 'text': ['box', 'grocery store', 'eyes', 'chewing', 'mouth']}	B	No	
95	NA	George didn't have a car, but he still had his two feet.   His socks were smelly and his soles were blistered, but that didn't matter.  He could still do what?	n't [2] | did [28]	{'label': ['A', 'B', 'C', 'D', 'E'], 'text': ['michigan', 'walk', 'stay still', 'stink', 'hands']}	B	Yes	
96	NA	This is an unavoidable physiological consequence of running.  What is it?	unavoidable [3]	{'label': ['A', 'B', 'C', 'D', 'E'], 'text': ['breathlessness', 'increased heart rate', 'falling down', 'muscle bulk', 'calluses']}	B	Yes	
97	NA	Where might an unused chess set be stored?	unused [3]	{'label': ['A', 'B', 'C', 'D', 'E'], 'text': ['toy store', 'michigan', 'living room', 'attic', 'cupboard']}	E	No	
98	NA	Zane doesn't like answering questions.  He's not good at it because he suffers from what?	n't [2] | 's [9]	{'label': ['A', 'B', 'C', 'D', 'E'], 'text': ['panic', 'discussion', 'attention', 'confusion', 'satisfaction']}	D	Yes	
99	NA	What are people likely to do when an unexpected decent outcome occurs?	unexpected [8]	{'label': ['A', 'B', 'C', 'D', 'E'], 'text': ['kill each other', 'thank god', 'experience pain', 'hatred', 'talk to each other']}	B	No	
100	NA	Joan was a baby, so there were many things she couldn't do, which caused problems for her parents.  Name one thing that makes raising a baby difficult.	n't [12]	{'label': ['A', 'B', 'C', 'D', 'E'], 'text': ['arrive early', 'learn to walk', 'boy or girl', 'bring joy', 'talk nonsense']}	E	No	
101	NA	The man in the white suit was very lazy.  He did nothing useful.  Meanwhile, the ban in the blue had put in effort and was very what?	did [12]	{'label': ['A', 'B', 'C', 'D', 'E'], 'text': ['restless', 'active', 'lazybutt', 'productive', 'hard work']}	D	No	
102	NA	James thought of criminal justice like a computer program.  It need to work right.   What ideas might James not like?	might [20]	{'label': ['A', 'B', 'C', 'D', 'E'], 'text': ['manual', 'process information', 'power down', 'control model', 'reason exists']}	D	Yes	
103	NA	John went to a party that lasted all night.  Because of this, he didn't have time for what?	did [16]	{'label': ['A', 'B', 'C', 'D', 'E'], 'text': ['meeting', 'blowing off steam', 'stay home', 'partying hard', 'studying']}	E	Yes	
104	NA	Where is a likely place to store unused soap?	unused [7]	{'label': ['A', 'B', 'C', 'D', 'E'], 'text': ['cabinet', 'supermarket', 'jail', 'butt', 'own home']}	A	Yes	
105	NA	The butt was bare, and Sam couldn't stop staring at it.  It was very what?	n't [8]	{'label': ['A', 'B', 'C', 'D', 'E'], 'text': ['full', 'ample', 'covered', 'bareword', 'ample']}	B	No	
106	NA	Brad tried to arise from bed but he could not.  Instead, he just continued to do what?	not [9]	{'label': ['A', 'B', 'C', 'D', 'E'], 'text': ['go down', 'fall down', 'lie down', 'lie to himself', 'sit down']}	C	No	
107	NA	Where can a human find clothes that aren't pants?	n't [8]	{'label': ['A', 'B', 'C', 'D', 'E'], 'text': ['pants shop', 'on planet earth', 'dress shop', 'school', 'train wreck']}	C	No	
108	NA	He kept plugging away in his cubicle, it seemed he was the only person not called into the what?	not [15]	{'label': ['A', 'B', 'C', 'D', 'E'], 'text': ['building', 'conference', 'assessment', 'demonstration', 'garage']}	B	No	
109	NA	What is a very unlikely side effect of becoming inebriated?	unlikely [4]	{'label': ['A', 'B', 'C', 'D', 'E'], 'text': ['fights', 'drunkenness', 'staggering', 'puke', 'paralysis']}	E	No	
110	NA	What can happen if you are buying products that someone else does not want you to buy?	not [12]	{'label': ['A', 'B', 'C', 'D', 'E'], 'text': ['joy', 'disagreements', 'agony', 'pleasure', 'owning']}	B	Yes	
111	NA	What is someone who isn't clever, bright, or competent called?	n't [5]	{'label': ['A', 'B', 'C', 'D', 'E'], 'text': ['clumsy', 'ineffectual', 'dull', 'clumsy', 'stupid']}	E	Yes	
112	NA	Who is not famous for a superhighway with no speed limit?	not [2] | no [8]	{'label': ['A', 'B', 'C', 'D', 'E'], 'text': ['europe', 'germany', 'industrialized country', 'city', 'america']}	E	Yes	
113	NA	The man tried to reply to the woman, but he had difficulty keeping track of conversations that he didn't do what to?	n't [20]	{'label': ['A', 'B', 'C', 'D', 'E'], 'text': ['initiate', 'ignore', 'question', 'answer', 'ask']}	A	Yes	
114	NA	Billy saw a dog running from him and did his best to get away from it.  The leaped up to where the dog couldn't reach and was stuck.  Where might he have been trapped?	could [25]	{'label': ['A', 'B', 'C', 'D', 'E'], 'text': ['kennel', 'table', 'porch', 'backyard', 'park']}	B	No	
115	NA	Where would you borrow furniture if you do not have any?	not [8]	{'label': ['A', 'B', 'C', 'D', 'E'], 'text': ['sewer', "neighbor's house", 'apartment', 'room', 'floor']}	B	No	
116	NA	Jodie felt a tightness in her chest. She was worried but didn't want to go to the hospital. Where might she go instead?	n't [13]	{'label': ['A', 'B', 'C', 'D', 'E'], 'text': ['istanbul', 'concert', 'bedroom', 'antique shop', 'human being']}	C	No	
117	NA	James was someone who was caught in his own delusions.  To him, the truth didn't do what what?	did [17]	{'label': ['A', 'B', 'C', 'D', 'E'], 'text': ['work to advantage', 'matter to', 'help', 'free mind', 'further knowledge']}	B	Yes	
118	NA	They were never going to be big actors, but they all had passion for the local what?	never [2]	{'label': ['A', 'B', 'C', 'D', 'E'], 'text': ['theater', 'opera', 'show', 'television', 'blockbuster feature']}	A	No	
119	NA	What will god never do according to religion?	never [3]	{'label': ['A', 'B', 'C', 'D', 'E'], 'text': ['anything', 'judge people', 'work miracles', 'judge men', 'everywhere']}	B	Yes	
120	NA	The child didn't know the problems his mother was going through, all he had was what for her?	n't [3]	{'label': ['A', 'B', 'C', 'D', 'E'], 'text': ['care', 'balloon', 'loved', 'become adult', 'learn']}	C	No	
121	NA	Sam couldn't get back to sleep because of a dream he had.  It was a what?	n't [2]	{'label': ['A', 'B', 'C', 'D', 'E'], 'text': ['awake', 'horror', 'dreamworker', 'reality', 'nightmare']}	E	Yes	
122	NA	What do people do when they don't understand something?	n't [7]	{'label': ['A', 'B', 'C', 'D', 'E'], 'text': ['ask questions', 'experience joy', 'believe in god', 'talk to each other', 'get sick']}	A	Yes	
123	NA	Boredom and hunger led to a wandering waste of time and a cart full of unhealthy snacks during her trip to where?	unhealthy [15]	{'label': ['A', 'B', 'C', 'D', 'E'], 'text': ['new moon', 'play cards', 'read book', 'see art', 'grocery shop']}	E	No	
124	NA	Where would using a boat not require navigation skills?	not [5]	{'label': ['A', 'B', 'C', 'D', 'E'], 'text': ['water', 'ocean', 'garage', 'harbor', 'river']}	E	Yes	
125	NA	I did not need a servant.  I was not a what?	not [2] | was [9]	{'label': ['A', 'B', 'C', 'D', 'E'], 'text': ['freedom', 'rich person', 'hired help', 'in charge', 'busy']}	B	No	
126	NA	Miss Grady took a stick from Bob because he was playing with it during class.  She wanted to make sure that he couldn't get to it so she put it where?	could [24]	{'label': ['A', 'B', 'C', 'D', 'E'], 'text': ['desk drawer', 'kitchen drawer', 'classroom', 'pocket', 'office']}	A	No	
127	NA	Where would you get jewelry if you do not have any?	not [8]	{'label': ['A', 'B', 'C', 'D', 'E'], 'text': ['vault', 'suitcase', "neighbour's house", 'department store', 'safe deposit box']}	D	No	
128	NA	John didn't mind getting in line.  It was what game after that he hated.  The time, the sore feet. He did not like doing what?	n't [2] | He [26]	{'label': ['A', 'B', 'C', 'D', 'E'], 'text': ['have to wait for', 'standing in line', 'eat cake', 'less confusion', 'being ordered']}	B	No	
129	NA	If someone mean wanted to insult somebody by calling them a fruit, where is probably not the smartest place to do it?	not [16]	{'label': ['A', 'B', 'C', 'D', 'E'], 'text': ['gay bar', 'market', 'grocery store', 'refrigerator', 'container']}	A	Yes	
130	NA	Sally was bored because she didn't like the junk that was on what?	n't [6]	{'label': ['A', 'B', 'C', 'D', 'E'], 'text': ['drawer', 'garage', 'caddy', 'bed', 'television']}	E	Yes	
131	NA	Paul wants carrots and doesn't need to drive anywhere. He gets them from where?	n't [5]	{'label': ['A', 'B', 'C', 'D', 'E'], 'text': ['refrigerator', 'store', "farmer's market", 'supermarket', 'dryer']}	A	Yes	nice example
132	NA	Bob's only light source was a small bulb.  There were four walls, if there was a door he couldn't see it.  What was Bob in?	could [22]	{'label': ['A', 'B', 'C', 'D', 'E'], 'text': ['closed room', 'sky', 'dard', 'his grave', 'house']}	A	No	
133	NA	James slamed into someone playing football, and not for the first time.  He was concerned about the consequences of many what?	not [8]	{'label': ['A', 'B', 'C', 'D', 'E'], 'text': ['exhilaration', 'interactions', 'head injuries', 'death', 'having fun']}	C	No	
134	NA	There's some new buying products designed to get you money if you have none. The first step is that it will show you how to declare what?	none [14]	{'label': ['A', 'B', 'C', 'D', 'E'], 'text': ['tax return', 'bankruptcy', 'pleasure', 'debt', 'spending money']}	B	Yes	
135	NA	Where would you get a balalaika if you do not have one?	not [9]	{'label': ['A', 'B', 'C', 'D', 'E'], 'text': ['orchestra', 'music store', 'buy music', 'make music', 'symphony']}	B	No	
136	NA	If the wood texture is not smooth it is what?	not [5]	{'label': ['A', 'B', 'C', 'D', 'E'], 'text': ['gilded', 'porous', 'solid', 'painted', 'less dense than water']}	B	Yes	
137	NA	What would not be true about a basketball if it had a hole in it but it did not lose its general shape?	not [2] | not [18]	{'label': ['A', 'B', 'C', 'D', 'E'], 'text': ['punctured', 'popular in america', 'full of air', 'gone', 'round']}	C	Yes	
138	NA	Where is a ferret unlikely to be?	unlikely [4]	{'label': ['A', 'B', 'C', 'D', 'E'], 'text': ['classroom', 'outdoors', 'aquarium', 'north carolina', 'great britain']}	A	Yes	
139	NA	Where is a good idea but not required to have a fire extinguisher?	not [6]	{'label': ['A', 'B', 'C', 'D', 'E'], 'text': ['school bus', 'boat', 'house', 'hospital', 'school']}	C	Yes	
140	NA	What would a person do if they do not have any friends?	not [8]	{'label': ['A', 'B', 'C', 'D', 'E'], 'text': ['talk to people', 'try again', 'fall asleep', 'stand alone', 'thank god']}	D	Yes	
141	NA	James was meeting a friend.  They had planed a slow day. They didn't want to do much.  They just wanted what?	did [15]	{'label': ['A', 'B', 'C', 'D', 'E'], 'text': ['relaxation', 'panic', 'alarm', 'joy', 'cheer']}	A	No	
142	NA	The man didn't do great in college, all his best memories were late night with his brothers at the what?	n't [3]	{'label': ['A', 'B', 'C', 'D', 'E'], 'text': ['big city', 'fraternity house', 'school', 'building', 'big town']}	B	No	
143	NA	Sean was a wreck.  He  loved to build houses, but in his current state, he couldn't do what?	he [19]	{'label': ['A', 'B', 'C', 'D', 'E'], 'text': ['stand up', 'produce', 'construct', 'make', 'build']}	C	No	
144	NA	The man  tried to break the glass in order to make his escape in time, but he could not.  The person in the cat, trying to kill him, did what?	could [19]	{'label': ['A', 'B', 'C', 'D', 'E'], 'text': ['accelerate', 'putting together', 'working', 'construct', 'train']}	A	No	
145	NA	Sarah didn't like to play but she didn't want to be sedentary and bored, either, so she took up what?	n't [2] | n't [9]	{'label': ['A', 'B', 'C', 'D', 'E'], 'text': ['serious', 'longplay', 'musical', 'eat cake', 'doing nothing']}	C	Yes	
146	NA	The child felt like it was all pretend, he didn't understand what?	n't [11]	{'label': ['A', 'B', 'C', 'D', 'E'], 'text': ['people believe', 'daydreams', 'transcendentalism', 'laughter', 'religion']}	E	No	
147	NA	What is a person called who doesn't have immortality?	n't [7]	{'label': ['A', 'B', 'C', 'D', 'E'], 'text': ['mortal', 'dying', 'death', 'dead', 'mortal']}	E	Yes	
148	NA	The janitor never had much to clean after services, but there was still always a paper or two to pick up where?	never [2]	{'label': ['A', 'B', 'C', 'D', 'E'], 'text': ['synagogue', 'front porch', 'classroom', 'obesity', 'grocery store']}	A	Yes	
149	NA	John and James are idiots. They bought two tickets to the Falcons vs the Jets even though neither wanted to see the what?	neither [18]	{'label': ['A', 'B', 'C', 'D', 'E'], 'text': ['internet cafe', 'sporting event', 'pressing wrong buttons', 'obesity', 'hockey game']}	B	No	
150	NA	How can a human cross a river and not mess up their hair?	not [8]	{'label': ['A', 'B', 'C', 'D', 'E'], 'text': ['wisconsin', 'waterfall', 'hatred', 'bridge', 'valley']}	D	No	
151	NA	Where would you use a folding chair but not store one?	not [8]	{'label': ['A', 'B', 'C', 'D', 'E'], 'text': ['beach', 'city hall', 'closet', 'garage', 'school']}	A	No	
152	NA	What is likely to be found in a book that is not a foreword?	not [11]	{'label': ['A', 'B', 'C', 'D', 'E'], 'text': ['last word', 'conclusion', 'ikea instructions', 'afterword', 'epilogue']}	E	Yes	
153	NA	Danny found that the carpet did not ,match the drapes, which was disappointing, because this place was expensive.  But it was the only place in town that wasn't booked solid for the week and he needed it while he was in town, so he couldn't complain.   Where might this place be?	not [6] | was [32] | could [51]	{'label': ['A', 'B', 'C', 'D', 'E'], 'text': ['brothel', 'restaurant', 'building', 'bowling alley', 'at hotel']}	E	No	
154	NA	What can happen to you when you are using television and it is not interesting?	not [13]	{'label': ['A', 'B', 'C', 'D', 'E'], 'text': ['turn off', 'functions', 'turning off', 'entertainment', 'fall asleep']}	E	Yes	
155	NA	Christine couldn't be having a baby at her age, she thought to herself. What was Christine?	n't [2]	{'label': ['A', 'B', 'C', 'D', 'E'], 'text': ['old person', 'begin to talk', 'adult', 'old man', 'girl']}	A	Yes	
156	NA	Where in your home would you keep a ballpoint pen when not in use?	not [11]	{'label': ['A', 'B', 'C', 'D', 'E'], 'text': ['backpack', 'bank', 'desk drawer', 'eat cake', 'office desk']}	C	Yes	
157	NA	If you spend a long time shopping in uncomfortable shoes, you might develop what?	uncomfortable [8]	{'label': ['A', 'B', 'C', 'D', 'E'], 'text': ['tiredness', 'calluses', 'bankruptcy', 'standing in line', 'sleepyness']}	B	Yes	
158	NA	Where would a person live that isn't in the metro area but still has good schools?	n't [7]	{'label': ['A', 'B', 'C', 'D', 'E'], 'text': ['woods', 'bed', 'suburbs', 'rural', 'neighborhood']}	C	Yes	
159	NA	The table wasn't level.  some parts were higher and some were lower with no rhyme or reason.   It was very what?	n't [3] | with [15]	{'label': ['A', 'B', 'C', 'D', 'E'], 'text': ['electrical circuit', 'build evenly', 'uneven', 'unbalanced', 'tilted']}	C	Yes	
160	NA	Where would stones not be arranged in a path?	not [3]	{'label': ['A', 'B', 'C', 'D', 'E'], 'text': ['quarries', 'field', 'park', 'bridge', 'made from rocks']}	B	Yes	
161	NA	Where can you go to use a piano in your neighborhood if you don't have one?	n't [14]	{'label': ['A', 'B', 'C', 'D', 'E'], 'text': ['music school', 'music store', "neighbor's house", 'lunch', 'drawing room']}	C	no	
162	NA	James is carrying a duffel bag with him because he doesn't have a vehicle of his own and needs a bag to carry his things in while he uses what?	n't [11]	{'label': ['A', 'B', 'C', 'D', 'E'], 'text': ['library', 'transit', 'bus station', 'army barracks', 'locker room']}	B	Yes	
163	NA	If it's not used for hair a round brush is an example of what?	not [3]	{'label': ['A', 'B', 'C', 'D', 'E'], 'text': ['hair brush', 'ladies bathroom', 'art supplies', 'shower', 'hair salon']}	C	Yes	
164	NA	The person wasn't bothered by the weather, she had remembered to bring her what?	n't [3]	{'label': ['A', 'B', 'C', 'D', 'E'], 'text': ['read book', 'own house', 'apartment', 'more rice', 'warm coat']}	E	no	
165	NA	Why would a band be performing when there are no people nearby?	no [9]	{'label': ['A', 'B', 'C', 'D', 'E'], 'text': ['record album', 'play music', 'hold concert', 'blaring', 'practice']}	A	Yes	
166	NA	John was not happy with his marriage. He and his wife drifted apart.     All and all, recent turns could be described as what?	not [2]	{'label': ['A', 'B', 'C', 'D', 'E'], 'text': ['inappropriate', 'sadness', 'unsatisfied', 'unfortunate', 'disenchanted']}	D	Yes	
167	NA	What would you be unable to do if you have too much greed?	unable [4]	{'label': ['A', 'B', 'C', 'D', 'E'], 'text': ['keep things', 'make friends', 'play poker', 'conquer opponent', 'lie']}	B	Yes	
168	NA	Where can you put a picture frame when it's not hung vertically?	not [10]	{'label': ['A', 'B', 'C', 'D', 'E'], 'text': ['art show', 'wall', 'newspaper', 'car', 'table']}	E	Yes	
169	NA	Dan was a farmer with just one heifer.  But that was okay, he only kept her for milk, and he didn't think he'd find good farmland in a place as cold as where?	did [24]	{'label': ['A', 'B', 'C', 'D', 'E'], 'text': ['arizona', 'farm yard', 'michigan', 'german field', 'dairy farm']}	C	No	
170	NA	The surgeon's clients had begun to reduce, it seemed girls no longer want to what?	no [12]	{'label': ['A', 'B', 'C', 'D', 'E'], 'text': ['reduction', 'make larger', 'augment', 'gain weight', 'expand']}	C	Yes	
171	NA	Because of his anger he couldn't clearly explain or what?	n't [6]	{'label': ['A', 'B', 'C', 'D', 'E'], 'text': ['cool off', 'write letter', 'get mad', 'illustrate point', 'destroy enemy']}	D	Yes	
172	NA	Where do you keep musical instrument so it doesn't get scratched?	n't [9]	{'label': ['A', 'B', 'C', 'D', 'E'], 'text': ['bank', 'orchestra', 'case', 'music room', 'movie']}	C	Yes	
173	NA	He had no issue committing perjury, he had a what that he would get away with it?	no [2]	{'label': ['A', 'B', 'C', 'D', 'E'], 'text': ['confidence', 'go to jail', 'telling lies', 'lying', 'manual']}	A	Yes	
174	NA	John was my neighbor, it was easy to talk to him. He was never what?	never [15]	{'label': ['A', 'B', 'C', 'D', 'E'], 'text': ['away', 'distant', 'remote person', 'bore', 'foe']}	B	Yes	
175	NA	If you were looking for a blowfish, you wouldn't look on dry land, you'd look in a what?	n't [10]	{'label': ['A', 'B', 'C', 'D', 'E'], 'text': ['fish market', 'jungle', 'sea water', 'body of water', 'soup']}	D	No	
176	NA	James couldn't get comfortable.  There was too much dirt.  He needed to clean out what?	n't [2]	{'label': ['A', 'B', 'C', 'D', 'E'], 'text': ['ground', 'subway', 'bank', 'bed', 'street']}	D	No	
177	NA	James decided that competing was the right choice.   Not competing has a defined outcome, but if he competes then what could happen?	Not [9]	{'label': ['A', 'B', 'C', 'D', 'E'], 'text': ['might win', 'perform better', 'enemies', 'winners and losers', 'lose']}	A	No	
178	NA	The electrode wouldn't spark, it turned out that the what hadn't been connected?	n't [3] | n't [13]	{'label': ['A', 'B', 'C', 'D', 'E'], 'text': ['battery', 'electronic equipment', 'electrolytic cell', 'charge', 'tube']}	A	No	
179	NA	Danny is having fun just dancing and singing with his friends. He wasn't concerned with things that weren't fun. For him having fun is the same as what?	n't [14] | n't [20]	{'label': ['A', 'B', 'C', 'D', 'E'], 'text': ['injuries', 'smiling', 'being happy', 'glee', 'jump']}	C	No	
180	NA	Where would you get a pen if you do not have one?	not [9]	{'label': ['A', 'B', 'C', 'D', 'E'], 'text': ['briefcase', 'desk drawer', "friend's house", 'pocket', 'sidewalk']}	C	No	
181	NA	Where are you likely to find a Japanese restaurant not run by people from Japan?	not [9]	{'label': ['A', 'B', 'C', 'D', 'E'], 'text': ['california', 'downtown', 'large town', 'tokio', 'china town']}	A	Yes	
182	NA	How could you have fun by yourself with no one around you?	no [8]	{'label': ['A', 'B', 'C', 'D', 'E'], 'text': ['fairgrounds', 'watching television', 'tired', 'enjoyable', "friend's house"]}	B	Yes	
183	NA	If while driving to work another car makes a careless maneuver, what emotion might you feel?	careless [9]	{'label': ['A', 'B', 'C', 'D', 'E'], 'text': ['boredom', 'happiness', 'transportation cost', 'getting there', 'road rage']}	E	No	
184	NA	If I want to watch a movie without leaving my home what might I use?	without [7]	{'label': ['A', 'B', 'C', 'D', 'E'], 'text': ['drive in movie', 'drive in movie', 'television', 'video store', 'show']}	C	Yes	
