index	dev_index	text_a	cues	text_b	cues	judgment	is_important
1	891	I'm not yet able to answer if the phenomenon has an official PoliSci name.	not [2]	There are 2 problems with the viewpoint you presented in the question, which explain the seeming contradiction.		0.400000006	No
2	750	This looks a lot like an invitation to a No True Scottsman argument.	No [9]	I concur with @T.E.D; the question is a "no True Scotsman" bar bet.	no [10]	3.799999952	No
3	784	A tent may give you slightly more protection than sleeping out in the open, but not much.	not [16]	No, a tent will not give you any protection from bears that want what's inside.	No [0] | not [5]	3	No
4	1235	Bush turned out a statement yesterday thanking the commission for its work, and said, "Our journey into space will go on.		Mr. Bush did not discuss this when he issued a brief statement yesterday thanking the commission for its work, and saying, "Our journey into space will go on.	not [3]	3.599999905	No
5	849	Well for one a being could have a non-physical existance and yet not even be in your mind.	non [8] | not [14]	The difference is huge, as not all non-physical things exist in minds.	not [6] | non [8]	3.400000095	No
6	720	I feel your pain - I absolutely pour with sweat with any vigorous exercise, even in cool conditions.		Sweat rate is sweat rate, you can't really control it.	n't [8]	1	No
7	1188	But JT was careful to clarify that it was "not certain about the outcome of the discussion at this moment".	not [10]	However, we are not certain about the outcome of the discussion at this moment.	not [5]	3.200000048	No
8	718	You definitely do NOT want to be supporting your weight with your arms on the bike for normal riding.	NOT [3]	No, don't support your weight on your arms Your hands simply aren't really made for supporting all that weight.	No [0] | n't [3] | n't [14]	4.199999809	No
9	731	It is not recommended to use greywater on vegetables that you will eat directly.	not [2]	Adding soap to water allows the water to dissolve oils.		0.6000000238	No
10	1191	At midnight on Wednesday, 68 percent of voters said "no" to the tax, with 97 percent of the votes counted.	no [11]	With 97 percent of precincts counted tonight, 68 percent of voters opposed the tax.		4.666999817	Yes
11	1230	It seems to me ... we're just dealing with bragging rights here, who wins and who loses," said Gammerman, who heard the case without a jury.	without [29]	Leaving aside attorney fees, we're dealing with bragging rights of who wins and who loses," said Gammerman.		3.667000055	No
12	827	I have seen cats not like using the litterbox for a variety of reasons.	not [4]	I think Keltari has some good ideas.... A cat can change its "taste" in litter material.		2.599999905	No
13	1420	Tornadoes level homes in Oklahoma, 1 dead		Tornadoes hit Kan., Okla.; no injuries reported	no [6]	3.200000048	No
14	778	In Russian, for example, animacy is not clear-cut in the distinction animate/inanimate.	not [8]	As in Russian, Polish marks animate masculine nouns by having a genitive-accusative vs. the nominative-accusative of inanimate masculines.		2.799999952	No
15	737	To paraphrase a common saying, "One man's weed is another man's lawn".		First, let me say I've no experience doing battle with Bermuda grass.	no [7]	1	No
16	715	Yes, your sentence will be clearer if you write the actual word instead of the slash.		Most style guides recommend against using the slash in phrases like “X and/or Y”, as well as  “this is hard/impossible to do”.	/ [25]	3.400000095	No
17	693	Good cheddar has little chunks of calcium lactate on/in it - could it be that?		I have two suspicions: One, you're undercooking your roux, the flour and butter mixture, and not fully incorporating the flour.	not [20]	0.6000000238	No
18	825	Given that the amount of shedding is normal, I don't think there's anything you can do to lessen it.	n't [11]	To reduce the amount of fur a cat malts over your furniture and clothes you could try a deshedder brush.		2	No
19	1288	Spanish jobless rate soars past 25 per cent		US jobless rate seen rising, offering Obama no relief	no [8]	1	No
20	627	Apart from admission (which normally should not be related to age), there is something that's related to your question.	not [7]	Age is not a PhD admission facor in the continental Europe, too.	not [2]	1	No
21	659	Yes, but it does not stay in the same constellation.	not [5]	Constellations are human constructs to make sense of the night sky.		1.399999976	No
22	1221	Colin Powell, the Secretary of State, said contacts with Iran would not stop.	not [13]	Secretary of State Colin Powell said yesterday that contacts with Iran would continue.		4.333000183	Yes
23	1052	I do not wish to be present during this witness," he told Stanislaus County Superior Court Judge Al Girolami.	not [3]	Yes, I do not wish to be present during this witness," Peterson, 31, calmly told the judge as he was returned to his cell.	not [5]	3.25	No
24	886	The president is not really all that important for German people.	not [3]	The function of the german president is almost just representative.		4	No
25	675	If non-human animals do have intelligence too, why is their intelligence not as advanced as humans?	non [1] | not [14]	Your own theory is bad because it seems to follow from a Lamarkian interpretation of evolutionary theory.		0.6000000238	No
26	625	You'll need to check the particular policies of each publisher to see what is allowed and what is not allowed.	not [19]	If you need to publish the book and you have found one publisher that allows it.		3	No
27	961	As per FIFA's "Equipment Regulations", Section 22, only the goalkeeper is permitted to wear a cap.		Although headgear is allowed to be worn, it is not advised for anyone other than the goalkeeper.	not [10]	2.400000095	No
28	565	A woman doesn't have her arms up because she's paralyzed from the neck down	n't [3]	A woman is sitting on the steps because she tripped and hurt her ankle.		0.8000000119	No
29	862	I can imagine a scenario where a single all powerful god create the universe that we know of.		It is the same idea as what Aristotle called the unmoved mover.	unmoved [10]	0.8000000119	No
30	1329	Gaza militants fire 40 rockets into Israel, 3 hurt: police		Gazans fire four rockets into Israel; no injuries	no [7]	2.75	No
31	1024	I know of no pressure," said Mr. Feith, the under secretary of defense for policy.	no [4]	I know of nobody who pressured anybody," Douglas Feith, undersecretary of defense for policy, said at a Pentagon briefing.	nobody [4]	3.799999952	No
32	993	You can write the book in any way you choose, as long as it works for you.		Sequence a only in writing (sometimes you have to go back and revise) option the not writer has is.	not [17]	1.200000048	No
33	1138	The router will be available in the first quarter of 2004 and will cost around $200, the company said.		Netgear prices the WGT634U Super Wireless Media Router, which will be available in the first quarter of 2004, at under $200.	Wireless [5]	3	No
34	908	Even though the question has been answered I would like to add my answer .		I don't know if I should say this, but if your job is making you anxious.	n't [2]	0	No
35	936	I don't think we have a solid theory of mammal speciation.	n't [2]	The short answer is that evolution couldn't create gills in humans.	n't [7]	0.8000000119	No
36	1013	Generally unwanted - and often pornographic or with fraudulent intent - spam is a nuisance and a distraction," Gates writes, warming us up for the punchline.	unwanted [2]	Generally unwanted—and often pornographic or with fraudulent intent —spam is a nuisance and a distraction," Gates writes.	unwanted [1]	4.199999809	No
37	1051	The WHO experts didn't say how many cases in Hebei were in rural areas.	n't [4]	Hebei has reported 191 cases and eight deaths, though the WHO experts did not say how many were in rural areas.	not [14]	3	No
38	1081	If that ain't a Democrat, I must be at the wrong meeting," he said.	n't [4]	And if that ain't a Democrat, then I must be in the wrong meeting," he said to thunderous applause from his supporters.	n't [4]	3.400000095	No
39	765	http://en.wikipedia.org/wiki/History_of_Delhi#Early_history shows that the city was called Delhi (or Dilli) at least since the 12/13th century.		I am not exactly sure but I remember the media (in India) addressing Delhi as "HASTHINA".	not [2]	1.200000048	No
40	953	Basically, the rule is that you must play the ball, and not the man, until someone catches the ball.	not [13]	It is fairly simple to understand, somewhat harder to referee.		1.200000048	No
41	647	Like Chris said above, stars rotate to conserve their angular momentum.		Stars are rotating, but that's not the cause for their stability.	not [7]	3.400000095	No
42	1413	Brooks pleads not guilty to hacking charges	not [2]	Dave Lee Travis pleads not guilty to all charges	not [4]	1.399999976	No
43	683	I've stored pancakes in the freezer for over two month and not had any freezer burn.	not [12]	Its going to depend on the type of packaging and also the freezer.		1.600000024	No
44	755	To no extent at all is the wars in the middle east caused by trade making the area heterogeneous.	no [1]	They had a treaty beginning in 1941, after a few skirmishes along the area in question.		0.6000000238	No
45	673	These are interesting studies, but the bottom line is: yes, environment affects cognitive abilities.		I'm not sure what you mean by cognitive capacity, but I absolutely believe that language shapes the way we think.	not [2]	1.600000024	No
46	719	Yes, you should stretch before running, but not the sit down and reach kind of stretching.	not [9]	Neuromuscular Activation and Dynamic Stretching Here is an excellent video on a dynamic stretching routine for running.		1.799999952	No
47	634	It is perfectly okay to ask for the figure knowing well that the other person may not give.	not [16]	You can always ask, then it is the choice of the author to accept or not.		3.599999905	No
48	933	Dick was an idea guy and a people guy, not a science guy.	not [10]	Most of Philip K Dick's works aren't hard Sci-Fi in the least.	n't [8]	1.399999976	No
49	725	I've noticed a remarkable difference when I run on the treadmill vs when I run on the road.		A treadmill won't prepare you for the impact of running for real.	n't [3]	3.200000048	No
50	888	The part of economics that is most like physics is called microeconomics.		Side note first: I don't think that physicists always agree on their theories and predictions.	n't [6]	0.6000000238	No
51	757	In Hinduism and Buddhism there is message of peace and an encouragement to not be materialistic.	not [13]	This relates to the "discovery" of Asian, and other non-European cultures by Americans.	non [12]	0	No
52	794	It would be unusual for a snake to attack a stationary person.	unusual [3]	I'm no herpetologist, but in my experience, snakes are in the "you don't bug me, I won't bug you" category.	no [2] | n't [17] | n't [23]	4.199999809	No
53	630	I don't think there are likely to be any standards that address this issue specifically.	n't [2]	You're going to find answers all over the map for this one (i.e., there probably aren't "standards").	n't [19]	2.400000095	No
54	855	If a statement is not provable an inconsistency or self-contradiction may or will develop that invalidates the system.	not [4]	Should arrival at this point be the focus for examination of any system?		0.6000000238	No
55	741	In the past it has grown almost like a weed in our pots on our deck here in North Texas.		Additional to the other answers, basil famously doesn't like to be damp overnight.	n't [9]	0.200000003	No
56	722	I recently stumbled on a great article that talks about protein consumption for the purposes of building muscle (recovery included).		Low reps with high weights don't add mass because the duration of the exercise is kept short.	n't [6]	1	No
57	767	The bulk of India then was not controlled by Porus, but by the Nanda dynasty, centered at Pataliputra.	not [6]	I believe Alexander lost heart after his horse, Bucephelus, died from a wound received in the battle against Porus.		0.6000000238	No
58	1070	Sirius carries National Public Radio, although it doesn't include popular shows such as "All Things Considered" and "Morning Edition.	n't [9]	Sirius recently began carrying National Public Radio, a deal pooh-poohed by XM because it doesn't include popular shows like All Things Considered and Morning Edition.	n't [18]	3.400000095	No
59	1041	He claims it may seem unrealistic only because little effort has been devoted to the concept.	unrealistic [5]	This proposal is modest compared with the space programme, and may seem unrealistic only because little effort has been devoted to it.	unrealistic [14]	3.5	No
60	643	Stars are rotating, but that's not the cause for their stability.	not [7]	Stars rotate due to the angular momentum of the gas they formed from.		3	No
61	859	The question of time is an incredibly difficult one, which has been treated of philosophers from Aristotle to Heidegger.		wikipedia, as much as it is a supposedly self correcting medium, is not necessarily a definitive account of anything.	not [14]	0	No
62	1074	The WHO says the latest case does not fit its profile of SARS and is not a public health concern.	not [7] | not [15]	The WHO has said the Singapore case did not fit its profile of SARS and was "not an international public health concern.	not [8] | not [17]	3.799999952	No
63	748	I bought a book, which talks about this, so here's an answer to my own question.		Well I wouldn't risk it, not in a cold compost system.	n't [3] | not [7]	0	No
64	814	I have never read anything that said teethers were bad--where did you read that?	never [2]	We used a clean cloth or baby sock wrapped around an ice cube with our kids and grandkids.		1.399999976	No
65	959	No, there is no specific criteria for giving the man of the match award.	No [0] | no [4]	As per the rules, MoM award is decide by the commentry pannel.		3	No
66	807	I know of no firm evidence indicating that baby talk is either helpful or detrimental in language development.	no [3]	Baby talk, when used correctly is beneficial to speech development.		2	No
67	803	I would recommend asking questions in a way that doesn't require a yes or no answer.	n't [10] | no [15]	Would you be concerned with the mind changing if he wasn't shouting and/or misbehaving?	n't [11]	0.400000006	No
68	697	I agree with others (and yourself) in that I have never heard this phrase in English.	never [12]	I have never heard or seen the phrase you mention.	never [2]	4	No
69	609	The man without a shirt is jumping.	without [2]	The man jumping is not wearing a shirt.	not [4]	4.599999905	No
70	896	Because there are more effective ways for Her Majesty to change or veto laws.		They do not veto laws because nobody will ever adopt a law which is contrary to the expressed queen's will.	not [2] | nobody [6]	2.799999952	No
71	1470	Pakistani Taliban chief Hakimullah Mehsud killed in drone strike		Pakistani Taliban 'elect new chief', vow 'unprecedented' revenge	unprecedented [10]	1.200000048	No
72	967	I'd suggest you find a bank in your local country, and consider opening a Euro denominated bank account with them.		I am not sure if you can open a bank account in France if you are not a resident.	not [2] | not [16]	1.600000024	No
73	905	A quick research (1, 2) showed me that the concentration of caffeine seems to peak about 30-60mins after ingestion.		The issue is that it never becomes useful in its true meaning.	never [5]	0	No
74	700	I see some references to status as uncountable as well, but that doesn't make much sense to me.	uncountable [7] | n't [14]	There are some cases "status" may be accounted of countable.		2.599999905	No
75	1476	Yemen: Fighting in north kills over 120		Janet Yellen: Five things you might not know	not [7]	0	No
76	852	I have no idea why it is voted up, but Rex Kerr's answer begs the question.	no [2]	It's a tautology, but the mapping between logic and the English-language description is wrong.		0	No
77	502	The sky has very little to no clouds.	no [6]	This Lady might be ready for Rock Climbing, or just watching the Clouds, above.		0.400000006	No
78	842	I don't have direct experience with bettas, but I've never heard that pairs will work long-term in any male/female combination.	n't [2] | never [12]	Bettas are highly territorial and no matter what sexes you keep together they will fight.	no [5]	2.599999905	Yes
79	942	Yes a team can use the same player for both bowling and batting in a super over.		There's no rule that decides which players can be picked for bowling/batting in the Super Over.	no [2]	4.199999809	No
80	662	It's pretty difficult to imagine a person with Social Anxiety Disorder being an extrovert.		On the surface, it does seem like social anxiety disorder and extroversion shouldn't both exist in the same person.	n't [14]	4.199999809	Yes
81	802	He is taking the diaper off because he is uncomfortable.	uncomfortable [9]	You can try putting the diaper on backwards which may only work for a little while.		1.799999952	No
82	974	I visited Peru in August, starting from Lima and touring for three weeks.		Cusco: High: 70F Low: 40F This is just before the rainy season (Dec-Mar) and crowds are general less.	less [24]	0.200000003	No
83	861	As I understand it, nothing that can be changed, or broken down into smaller parts is inherently real.	nothing [5]	Our interactions are merely depends on where we put our perception.		0.400000006	No
84	938	Sign language maybe, since there is no tone to convey meaning, emotion or intent.	no [7]	It is safe to say that body posture plays a big role in all languages.		2.200000048	No
85	686	I  believe one cannot taste the difference between minced(canned) and fresh garlic once it is cooked.	can [4]	In my experience, fresh garlic is great for when you want texture, or to slow down the flavour infusion.		1.799999952	Yes
86	665	There are individuals who possess extraordinary memory ability, sometimes called eidetic memory.		There are many arguments for why this is not the case.	not [8]	0	No
87	929	I started watching the Stargate series by watching Atlantis first!		Without delving into an in-depth analysis of Atlantis and Universe, I'll try and be as succinct as possible.	Without [0]	1.799999952	No
88	869	I have a few Nikon lenses, and a Sigma 10-20mm for super-wide shots.		If your interest is primarily the optics, you need to look at individual lenses, not brands as a whole.	not [16]	1.799999952	No
89	904	I think you need to apply a little statistical thinking to this.		One general key to not feeling dejected is to avoid comparing yourself to others.	not [4]	0	No
90	960	I can't think of the specifics, but I seem to remember this scenario from many years ago.	n't [2]	The Laws of Cricket say that you can declare any innings, no matter what the agreed length is.	no [12]	0	No
91	813	Both of our children slept in a portable pen for at least their first year, and there were no problems.	no [19]	Yours looks like the one we used for my kids (same brand and everything).		1.399999976	No
92	1274	Government promises action on Heathrow queues		Finance minister promises no new taxes	no [3]	0.400000006	No
93	925	I'd be more inclined to believe that it's some sort of ring world.		It is not hollow, it is round just as our world.	not [2]	1.799999952	No
94	989	No, you don't need to have taken classes or earned a degree in your area.	No [0] | n't [4]	I have done quite a bit of technical writing for healthcare information systems.		0	No
95	796	Once you open it up to toxins, the answer is clearly no, boiling is not enough.	no [12] | not [16]	Boiling eliminates only a certain class of contaminants that can make you ill.		3.200000048	Yes
96	1224	Former South African Archbishop Desmond Tutu said Sunday he did not see what "all the fuss" was over appointing a gay bishop, but urged homosexual clergy to remain celibate.	not [10]	South Africa's Nobel laureate Archbishop Desmond Tutu says he does not understand all the fuss about appointing a gay bishop, but he has urged homosexual clergy to remain celibate.	not [11]	4.5	No
97	998	In these days of googling, it's sloppy to not find the source of a quotation.	not [10]	I agree with Kate Sherwood, you should be able to attribute most quotes these days by simple fact checking.		3.200000048	No
98	860	Not all negative claims can be validly reformulated into positive claims.	Not [0]	I don't think the burden of proof is on positive or negative versions.	n't [2]	1	No
99	887	In a "first-past-the-post" system, it is difficult to sustain more than two parties.		While the 'first-past-the-post system favours two parties, it certainly doesn't guarantee the marginalization of third parties.	n't [18]	3	No
100	848	I don't think that positivism is a position of mostly leftist philosophers.	n't [2]	I am not convinced that positivism is routinely asociated to a leftist ideology.	not [2]	3.799999952	No
101	816	My son didn't become potty trained until about his 4th birthday.	n't [3]	Here are some things that worked with my son who started toilet training around 2.5 years.		1.600000024	No
102	992	The villains I absolutely hate are selfish and self-serving, but they are also cowards.		A villain you want to take down is, at his/her core, someone who does not care about the suffering of others.	not [18]	3	No
103	906	Here's a technique  I've developed without being aware of it: Multiple Browsers.	developed [7]	I agree with others that tracking your time is fundamental to the solution.		0	No
104	696	In some cases the implication could even be that Tom does not love her.	not [11]	There is no implication about Tom whatsoever in such a sentence.	no [2]	1.799999952	No
105	1056	Under the U.S. Constitution, the other chamber of Congress, the House of Representatives, does not vote on foreign alliances.	not [17]	The U.S. House of Representatives, the other chamber of Congress, does not vote on treaties.	not [13]	3.200000048	No
106	1349	Calif man pleads not guilty in girl kidnap case	not [3]	Calif. man pleads not guilty in terrorism case	not [3]	2.200000048	No
107	850	People who are good at the philosophy of mathematics are mathematicians and not philosophers.	not [12]	My motivation is that I like to look at things from their roots and go up.		0	No
108	885	Leaving aside heath care angle, you are working from a flawed premise that waging war doesn't save lives.	n't [17]	Healthcare They would probably reject your implied claim that Obama's healthcare law will save lives.		1.600000024	No
109	672	Some ancient historical precedent exists for preferring $10$, but also for $6$, so that's mixed support from Wikipedia on perfect numbers.		This is indeed possible, but I haven't seen it done experimentally for reasons other than feasibility.	n't [8]	0	No
110	709	As others have said, "ten of six", though not used in many English speaking areas, would be understood as 5:50.	not [12]	Ten of six" probably means 5:50 but I have not heard it before.	not [11]	3.799999952	No
111	982	There is nothing wrong with the phrase "simple sample service".	nothing [2]	The minimal change needed to avoid disconcerting alliteration is to just call it a "simple example service".		3.400000095	No
112	636	I will advise exactly the contrary of what bravo just said in another answer : go for A !		You could defer admission, but it's a little unusual to defer for a year.	unusual [10]	0.200000003	No
113	771	The difficulty arises not from the various linguistic properties of the language pair as many here suggest.	not [3]	It depends on generally syntactic structure of two languages and -yes- some pragmatic issues.		1.799999952	No
114	957	Actually, it's much more easier to count the one NOT on the same continent.	NOT [11]	That is also the recommended strategy for marathons, if you are going for time.		0	No
115	1375	Iran says it captures drone; U.S. denies losing one		Iran says it has seized U.S. drone; U.S. says it's not true	not [12]	4.800000191	Yes
116	184	A tiger is walking around his cage.		A tiger walks around aimlessly.	aimlessly [4]	3	No
117	980	English works everywhere with people buying and selling things and in the hospitality and tourism busniness.		I traveled around Maharashtra (including Mumbai) and Andhra Pradesh and I had no problem getting by with just English.	no [14]	2.799999952	No
118	1037	Calvin Hollins Jr.'s attorney, Thomas Royce, has repeatedly said his client had no link with the company that owned and operated E2.	no [15]	The lawyer for Hollins Jr., Thomas Royce, has said his client had no link to the company that owned and operated E2.	no [14]	4.5	No
119	978	There are trains via Knin, which means a large detour inland (there just isn't a coastal line).	n't [16]	As others have said if you want to get to Split the best public transport offering is by bus.		0.6000000238	No
120	769	Preserving grammaticality and preserving meaning of the sentence are two different things.		In fact, you can remove pretty much and preserve grammaticality if you don't care about preserving meaning.	n't [14]	3	No
121	733	There are no post-emergents that specifically kill crabgrass without killing lawn grass.	no [2] | without [10]	I brought an Ace product that kla crab grass and you can use it below 90 degrees.		1.799999952	No
122	1066	Appellate courts across the country have issued differing rulings on the issue, allowing public displays of the Ten Commandments in some cases and banning them in others.		Lower courts have splintered on the issue, allowing depictions of the Ten Commandments in some instances and not in others.	not [18]	4.25	No
123	1278	Suspicious object found in Tel Aviv not explosive device	not [6]	Police treat suspicious object at Tel Aviv bus station		3.400000095	No
124	818	Our daughter has always loved her bath, but coming out... not so much.	not [12]	My wife and I originally had the same problem with our newborn twins fussing when bath time was over.		2.799999952	No
125	1049	Earlier Thursday, PeopleSoft formally rejected the unsolicited bid from Oracle.	unsolicited [7]	Thursday morning, PeopleSoft's board rejected the Oracle takeover offer.		4.400000095	No
126	596	A girl in water without goggles or a swimming cap.	without [4]	A girl in water, with goggles and swimming cap.		3	Yes
127	1114	Teams of inspectors walked into a restricted area at one park without being stopped; others took pictures of sensitive areas without being challenged.	without [11] | without [21]	Teams of inspectors walked into a restricted area at one park without being stopped by employees; others took pictures of security-sensitive areas without anyone challenging them.	without [11] | without [25]	4.75	No
128	704	In standard English, I think "don't got" has the same register as "ain't".	n't [8] | n't [18]	I'd say the expression I don't got... is generally rare in spoken AmE.	n't [7]	2.200000048	-1
129	782	If you arecomming from the non-linguistics environment, the best book is to start with Is Fromkin, Introduction to language.	non [5] | - [6]	This is what they recommend at Oxford as introductory textbooks to students starting a Masters' in Linguistics.		1.399999976	No
130	781	A part of the question thusfar unattended is whether the concept of phoneme has always been contentious.		Phoneme" is a theoretical construct which probably can't go away.	n't [10]	1.600000024	No
131	832	First, double-check the dog's body language to make sure that it is truly aggressive.		First, you should realize that this is not you or your dog's problem.	not [8]	1.600000024	No
132	1100	Now, the other guy, he's ashamed of his party," Street said to crowd laughter.		The other guy, he's ashamed of his party, and I don't blame him.	n't [15]	3.5	No
133	1315	Romney leads rivals, not Obama, in fundraising	not [4]	Romney: I left all management of Bain in 1999		0.8000000119	No
134	875	I use Elinchrom Skyports, but if money is not an issue then go for PocketWizards.	not [9]	Or just go with the ultra-cheap YongNuo RF-602, which give you a lot of bang for the buck.		1.200000048	No
135	829	It does sound like your cat is upset about something, and trying to communicate it to you.		Something is bothering your cat and he does not like it.	not [8]	3.799999952	No
136	907	I have a standing/sitting desk at work and really like it.		As mentioned by other responders, it turns out that using a standing desk isn't necessarily a perfect solution.	n't [15]	2.200000048	No
137	820	Most doctors do recommend rice cereal as the first food, as there is almost no worry of allergic reaction.	no [15]	Eating off a spoon has to be an unusual experience for them.	unusual [8]	0.6700000167	No
138	964	It was random that she faced Li Na in the first round - not because she's seeded/ranked #127.	not [13]	This was too long for a comment, so I am posting it as a CW-answer.		0	No
139	629	If you don't want to pay for Adobe Acrobat Pro, as @schultem mentions, LaTeX can do this with embedded hyperlinks.	n't [3]	If you don't mind hosting your files online, SlideShare is a good solution.	n't [3]	0.8000000119	No
140	582	The fruits should be eaten with lemon juice in order to prevent oxidation in your stomach.	prevent [11]	three dogs growling On one another		0	No
141	640	This does not fully answer your question, but it is certainly one consideration.	not [2]	I am a PhD student in Computational Science, which is an interdisciplinary major spanning mathematics, computer science, and engineerning.		0	No
142	927	I was invited in to pitch story ideas to Ron Moore at ST:TNG.		It's obviously possible for it to leave the field without harm - it occurred.	without [10]	0	No
143	653	Why is the speed of light 299,792,458 m/s, and not (for instance) 3,1 or 4,3 x 10^44 m/s?	not [12]	Speed of light being finite is one of the fundamentals of our Universe.		1	No
144	1163	At 12 months there was still a difference in function, although it was not a significant one.	not [14]	At 12 months, there was still a difference between the groups, but it was not considered significant.	not [16]	4.400000095	No
145	879	Large-format cameras are very much worth buying used; they're often extremely well-cared-for, if not coddled.	not [22]	If I had to pick, Linhof would be my choice.		0.6000000238	No
146	830	I have noticed most cats don't lick people a great deal.	n't [6]	Cats may or may not lick a person based on all kinds of things.	not [4]	3	No
147	785	A few points to add here: Coyotes are not know to be aggressive towards humans.	not [9]	In general they are not considered dangerous because they rarely attack humans.	not [4]	3.200000048	No
148	895	According to Shia Muslims specially Iran state and Hezbollah a country called Israel does not exist.	not [14]	As with the definition of Palestine, the definition of Israel varies depending on whom you ask.		3.200000048	No
149	711	This may be overly obvious, but in American English, saying "you're welcome" is certainly polite and standard.		I'm not sure how "Not at all" sounds in response to "thank you".	not [2] | Not [6]	1.399999976	No
150	1088	Neither Iowa State athletic director Bruce Van De Velde nor Morgan could be reached for comment.	Neither nor [0, 9]	Iowa State athletic director Bruce Van de Velde would not confirm an offer was made to Lebo.	not [9]	2.799999952	No
151	890	Most people want not only to be WELL off, but to become BETTER off as time goes by.	not [3]	To start, the main drivers of economic growth are resources, technology, and institutions.		0.400000006	No
152	1022	North American markets finished mixed in directionless trading Monday as earnings season begins to slow and economic indicators move into the spotlight.	directionless [6]	North American markets grabbed early gains Monday morning, as earnings season begins to slow and economic indicators take the spotlight.		3.799999952	No
153	663	It is hard to delineate emotion completely from thoughts or sensations, because emotion can contain both.		Technically speaking, an emotion is not different from thought the way it is processed in brain, both involve neurotransmitters.	not [6]	2.799999952	No
154	838	The main cause of the allergies is proteins in the saliva.		Allergies to animals, particularly furry ones, can be across the board rather than species specific.	rather [13]	2.200000048	No
155	753	Nearly all countries grew quickly in the 1950s and 1960s for pretty much the same reasons.		The USSR growth rate during the 50's was not exceptionally high.	not [9]	1	No
156	1300	Gaza rockets lands in Ashkelon Coast area; none hurt	none [8]	Rocket fired from Gaza damages home in Sderot; none hurt	none [9]	3	No
157	1116	Representatives for Puretunes could not immediately be reached for comment Wednesday.	not [4]	Puretunes representatives could not be located Thursday to comment on the suit.	not [3]	3.25	No
158	706	I'm American, and I've never heard the bathroom referred to as St. John's.	never [7]	In situations like these, I tend to lengthen out the phrase.		0	No
159	847	Aristotle didn't put the world at the center of the universe per se.	n't [2]	Why did Aristotle place the earth at the centre of an infinite universe?		2.799999952	No
160	931	It was before the season began because Amy saw the woman before the Silence took her.		The exact timeline hasn't been listed yet, but there are a few assumptions we can make.	n't [4]	0.200000003	No
161	997	Keep in mind that you can easily swear without swearing.	without [8]	I think Stephen King's comments are helpful in this regard.		0	No
162	874	Same here, I've the 50mm f/1.4, and as my fastest lens I couldn't live without it for concerts and low-light photography.	n't [17]	I have the 18-55, 50/1.8 and 50/1.4 as well as the 20D - superseded by a 50D.		2.599999905	No
163	1446	Obama signs law aimed at barring Iran UN envoy		Obama urges no new sanctions on Iran	no [2]	1	No
164	1077	A former candidate for governor of New York, he styled himself an advocate of better corporate governance.		Mr. McCall, who ran unsuccessfully for governor of New York in 2002, styled himself an advocate of better corporate governance.	unsuccessfully [5]	3.25	No
165	651	Yes, it's true that the apparent size of the Moon is 30 arcmin.		When you gaze at the moon "live", you are not seeing a still image.	not [12]	1	No
166	736	Support is good for eggplants as the fruit may become heavy and can even break the branches.		Some support won't hurt, especially if it is a large fruited variety.	n't [3]	2.400000095	No
167	877	The terminology is usually called "Destructive vs Non Destructive" editing.	Non [8]	Lossless / nondestructive edits are reversible and would entail transforming and/or appending the data in a way that could be reversed.	nondestructive [2]	2.400000095	No
168	1093	Just five months ago, Dean committed to accepting taxpayer money and vowed to attack any Democrat who didnt.	nt [19]	Just five months ago, Dean committed to accepting taxpayer money and the spending limits that come with it and vowed to attack any Democrat who didnt.	nt [27]	3.599999905	No
169	884	The U.S. appears to have a smaller shadow economy for a few reasons in no particular order.	no [14]	There are three main factors that drive the low shadow economy in the US.		2.599999905	No
170	628	This post refers to research in the STEM fields, and may not be applicable to other research topics.	not [12]	This is about my experience in computer engineering I found that reading for breadth was the more important approach.		0.6000000238	No
171	689	They don't taste identical at all, and even more important, they don't smell the same.	n't [2] | n't [15]	Black pepper and white pepper are differing preparations of the fruit of the Piper nigrum plant.		2.599999905	No
172	1164	It just seems like all the issues that we support, he doesn't," said Gabriela Lemus of LULAC.	n't [14]	It just seems like all the issues that we support he doesn't," said Gabriela Lemus, the league's director of policy and legislation.	n't [13]	4.199999809	No
173	626	I am not aware of any university run participant pools.	not [2]	At the universities I've worked in North America, human-subject studies (esp.		0.6000000238	No
174	729	Properly executed weight training will increase, not decrease, your flexibility and mobility.	not [7]	I've seen guys that are still very flexable while lifting weights.		2.200000048	No
175	739	Chances are picking the seeds once it's gone to seed isn't going to actually encourage new growth.	n't [12]	The longer you can leave the seed-heads on the plant the better (IMHO).		1.600000024	No
176	760	Looks like you've rediscovered Jaspers's concept of the Axial Age.		There was no influence from China to the culture of Greece.	no [2]	0.400000006	No
177	1451	Blast on Indian train kills one		State: No funds for yeshiva that incites violence	No [2]	0	No
178	892	No, nothing in the Patient Protection and Affordable Care Act grants the President transitional authority.	No [0] | nothing [2]	There is always "transitional authority" by virtue of the writing of regulations.		2	No
179	926	On the one hand, there’s nothing in canon to suggest that the Time Turners could go forwards in time.	nothing [7]	Time Turners were explicitly mentioned for use in going back in time.		2.799999952	No
180	754	While Queen may refer to both Queen regent (sovereign) or Queen consort, the King has always been the sovereign.		There is a very good reason not to refer to the Queen's spouse as "King" - because they aren't the King.	not [6] | n't [22]	2	No
181	1233	Kaichen appeared Wednesday in federal court on two bank robbery charges.		She appeared in federal court Wednesday, but did not enter a plea.	not [9]	3	No
182	674	Since this is a relatively new problem for behavioral researchers, I don't know that there is a common consensus.	n't [13]	I'll address just the first of your three sub-questions, the others have been answered by Chuck Sherrington.		0	No
183	821	Most of the literature I can find about infant sleeping has to do primarily with waking habits, not eating habits.	not [18]	In my experience, babies tend to wake up by themselves when they get hungry.		2.599999905	Yes
184	645	The short answer is: we are made from the "stuff" contributed by many stars.		It is highly unlikely that we're made out of stuff from only one star.	unlikely [3]	3.200000048	Yes
185	730	I think it is still feasible to store seeds until the next year.		I haven't tried storing tomato seeds myself, but I have tried to store pepper seeds (and they are closely related).	n't [2]	1.5	No
186	1055	Who will succeed Mr. O'Neill at Hyundai is not clear.	not [8]	There is no clear successor for Mr. O'Neill at Hyundai.	no [2]	5	No
187	1117	I've still got a fighting chance, though," Hewitt said after battling to overcome Davydenko 6-3 4-6 6-3 7-6 (7-5) on centre court.		I'm still not red-hot favourite," Hewitt said after battling to down Davydenko 6-3 4-6 6-3 7-6 (7-5) on centre court.	not [4]	3.75	No
188	870	I have found there is no single best way to increase size.	no [5]	There are a very wide variety of solutions for resizing and sharpening images for use on the web.		2.599999905	No
189	932	We have two parallel worlds in collision or maybe more.		Our intrepid heroes also didn't pursue the child who was in the spacesuit.	n't [5]	0	No
190	882	Federal DOMA does not test the full faith and credit clause so much as the 9th and 10th Amendments to the Constitution.	not [3]	DOMA as a congressional statute could not violate the Full Faith and Credit Clause of the Constitution.	not [6]	4	No
191	811	You will be hard pressed to find scientific studies that answer these questions with any certainty.		The topics you mention are very broad and not closely related in the scientific world.	not [8]	2.200000048	No
192	1170	Board Chancellor Robert Bennett declined to comment on personnel matters Tuesday.		Mr. Mills declined to comment yesterday, saying that he never discussed personnel matters.	never [10]	1.75	No
193	1141	I'm not going to be sponsoring it because it is not our proposal but I'm not going to be negative about it".	not [3] | not [12] | not [18]	I'm not going to be sponsoring it because it's not our proposal, but I'm not responding to it in a negative way," he said.	not [3] | not [12] | not [19]	4.400000095	No
194	1105	At first blush, then, the distinction drawn by the creators of the do-not-call registry would seem to draw the line in precisely the right place.	not [16]	At first blush, then, the creators of the registry would seem to have drawn the line between exempted and banned calls in the right place.		4	No
195	774	The reason for this is that Russian is a much more tonal language than English.		Although I am quite fluent in Russian, I wouldn't say English sound particularly 'cold' to me.	n't [10]	1.600000024	No
196	935	According to canon, Leia was an expert in combat, especially shooting (this is from EU books).		In real-world combat, most fire is used to suppress the enemy, not kill them.	not [15]	0.6000000238	No
197	681	I've never adjusted the length of time based on number of eggs.	never [2]	I don't boil eggs enough to keep a feel for the timing...	n't [2]	3	No
198	1204	From the start, however, the United States' declared goal was not just to topple Saddam but to stabilize Iraq and install a friendly government.	not [13]	But the United States' ultimate goal was not just to topple Mr. Hussein but to stabilize the country and install a friendly government.	not [8]	4.800000191	No
199	780	Zipf’s law, as I understand it, is not really about languages, but about statistics and probability.	not [10]	As with all natural laws, Zipf's law is an approximation.		2.799999952	No
200	1434	Fatah endorses refusal to recognise Israel	refusal [2]	Pakistan Denounces Latest Drone Attack		0.200000003	No
201	804	Yes, twins can develop their own language, but it's not a given.	not [12]	Here's what I saw with my fraternal twins: While learning to speak, all children develop some of their own dialect.		2.599999905	No
202	824	Turtles love eating goldfish and lots of things that fit into their mouths.		First, the turtles are eating the fish because fish are food, not friends.	not [13]	2.799999952	No
203	988	Your worry is a valid one; the reader could be frustrated by this.		I don't believe not knowing a character's name would be confusing unless you make it so.	n't [2] | not [4]	1.399999976	No
204	844	The biggest reason I can think of is that you're taking away a defence mechanism for the cat.		Cats don't usually like to have their paws held, touched, or anything like that.	n't [2]	1.600000024	No
205	1376	No radiation leak at Iran's nuclear plant	No [0]	US Congress may throw wrench into Iran nuclear deal		0.8000000119	No
206	635	The academic year does start around September in the USA and I think most European countries.		I would not accelerate things, to avoid getting worse grades that you want.	not [2]	0.200000003	No
207	225	The dog could not figure out how to get a stick out the doggy door.	not [3]	A dog is trying to get through his dog door.		2.75	No
208	740	So you know, I do not have personal experience with this.	not [6]	Since you've already accepted a nicely sourced answer, I'll contribute some unsubstatiated tradition (i.e.	unsubstatiated [14]	0.200000003	No
209	834	My guess is that means your cat only marginally likes the food you're feeding him.		Some researchers believe domestic cats never really mentally grow up completely and they always look at you like their mom.	never [5]	0.6000000238	No
210	854	I once met a physicists who held the strong AI position.		Although I believe Searle is mistaken, I don't think you have found the problem.	n't [9]	0.200000003	No
211	763	There were indeed some serious issues surrounding Kennedy's election in 1960, one of the closest elections in History.		As per your original question: The  Wikipedia section does not claim that Joseph P Kennedy bought John F Kennedy's victory.	does [10]	1.600000024	No
212	1184	Roy Moore, the suspended chief justice of the Alabama Supreme Court, stood accused but unrepentant Wednesday in the same courtroom he recently presided over.	unrepentant [16]	Moore, the suspended chief justice of the Alabama Supreme Court, stands trial before the Alabama Court of the Judiciary.		3.799999952	No
213	1145	They came despite what BA called a "difficult quarter", which it said included unofficial industrial action at Heathrow.	unofficial [16]	BA said the second quarter, which included unofficial industrial action at Heathrow, had been difficult.	unofficial [8]	3.599999905	No
214	945	We only used Fartlek as a fitness measurement, and as a bit of fun.		Fartlek is not more effective than any proper interval training - just more fun!	not [2]	2.599999905	No
215	738	Just about anything can be grown indoors without natural sunlight.	without [7]	We have quite a few people here who have grown peppers and small tomatoes indoors and in pots.		2	No
216	952	There is NO good reason for the failure to implement video plays in professional soccer.	NO [2] | failure [7]	There is another problem with applying instant replays beyond just interrupting the flow of the game.		2.599999905	No
217	878	For what it's worth, dirt on the lens might not be as detrimental as you would think.	not [11]	Regular dish washing fluid is great for removing grease, as it not only dissolves it but also binds it.		0.400000006	No
218	1445	International forensic teams join Kenyan mall carnage probe		Arrested Briton 'not significant' to Kenya attack probe	not [3]	1	No
219	805	Whatever you do, don't bite him back to show him that it hurts.	n't [5]	We always lightly bopped our kids on the mouth, therefore showing him that his mouth is what hurt you.		1.600000024	No
220	828	Cats (and all animals in general) do not understand the concepts of order or tidiness.	not [9]	They don't intend to leave those items around the house or untidy the house.	n't [2]	1.799999952	No
221	893	Russian Federal Law is actually quite specific on this one and not as arbitrary as argued.	not [11]	The last round of presidential elections in Russia was held on March 4th, 2012 and December 4th, 2011 for the Duma.		0.6000000238	No
222	747	The point of aerating your pile is to get oxygen to the microbes that break down the organic matter.		Your pile will compost without turning it, but it goes faster if you turn it.	without [4]	2.400000095	No
223	1032	Freeman's civil hearing may be, on the surface, about a driver's license.		Freeman said not having a driver license has been a burden.	not [2]	1.75	No
224	983	I've started my own tool since I didn't like yWriter and Storybook.	n't [9]	I've tried many of the things mentioned above, but they never really worked for me.	never [12]	1.600000024	No
225	650	We are moving "... relative to the comoving cosmic rest frame ... at some 371 km/s towards the constellation Leo".		There is no 'still' that is not relative to some other object.	no [2] | not [8]	0.8000000119	No
